escala_cm_px,error_validacion
0.054937601797113086,69.04102715825388
