detector,success,time_seconds,panorama_shape,total_keypoints,total_matches,total_inliers,time_formatted
SIFT,True,34.262014865875244,9395x9612,169810,11926,6537,34.26s
ORB,True,11.748039960861206,9227x9709,8000,899,592,11.75s
AKAZE,True,19.4691379070282,10251x9379,73528,4173,2250,19.47s
