detector,success,time_seconds,panorama_shape,total_keypoints,total_matches,total_inliers,time_formatted
SIFT,True,84.2237982749939,9569x9772,169808,11924,6364,84.22s
ORB,True,34.73579025268555,9269x9504,8000,899,589,34.74s
AKAZE,True,33.71878743171692,10034x9454,73528,4173,2250,33.72s
